{
    "1189020973-3000": {
        "length": 1999.0
    },
    "1189020761-1000": {
        "length": 2765.9574468085107
    },
    "1189020751-1000": {
        "length": 6161.212121212122
    },
    "1189020954-2001": {
        "length": -134.0
    },
    "1189020852-1014": {
        "length": -134.0
    },
    "1189020972-3000": {
        "length": 2023.0
    },
    "1189020953-2000": {
        "length": 3346.714285714286
    },
    "1189020849-101": {
        "length": -134.0
    },
    "1189020753-3000": {
        "length": 2307.6923076923076
    },
    "1189020798-1000": {
        "length": 3033.0
    },
    "1189020951-2001": {
        "length": 800.0
    },
    "1189020956-2001": {
        "length": 0.0
    },
    "1189020961-3000": {
        "length": 983.0
    },
    "1189020968-3000": {
        "length": 2333.0
    },
    "1189020775-3000": {
        "length": 1639.572192513369
    },
    "1189020851-1001": {
        "length": -89.33333333333333
    },
    "1189021759-1000": {
        "length": 2672.4349881796693
    },
    "1189020849-1010": {
        "length": -134.0
    },
    "1189020965-3000": {
        "length": 1333.7407407407406
    },
    "1189020850-103": {
        "length": -134.0
    },
    "1189021763-3000": {
        "length": 2633.0
    },
    "1189020849-3200": {
        "length": -134.0
    },
    "1189021754-3000": {
        "length": 1794.6153846153845
    },
    "1189020850-1000": {
        "length": 0.0
    },
    "1189021762-3000": {
        "length": 2833.0
    },
    "1189021749-2000": {
        "length": 2614.21568627451
    },
    "1189020756-1000": {
        "length": 4545.454545454546
    },
    "1189020953-1000": {
        "length": 3250.0
    },
    "1189020956-2000": {
        "length": 2922.3076923076924
    },
    "1189020759-3000": {
        "length": 5166.0
    },
    "1189020850-102": {
        "length": -134.0
    },
    "1189020849-3000": {
        "length": 300.0
    },
    "1189020752-3000": {
        "length": 3166.0
    },
    "1189020849-1009": {
        "length": -167.0
    },
    "1189020749-2000": {
        "length": 2867.204301075269
    },
    "1189020957-3000": {
        "length": 833.0
    },
    "1189020753-2000": {
        "length": 4299.382716049383
    },
    "1189020962-3000": {
        "length": 983.0
    },
    "1189020756-3000": {
        "length": 3500.0
    },
    "1189020954-2007": {
        "length": -191.42857142857144
    },
    "1189021776-3000": {
        "length": 1590.0
    },
    "1189020953-3000": {
        "length": 3279.3650793650795
    },
    "1189020960-3000": {
        "length": 983.0
    },
    "1189021773-3000": {
        "length": 2222.2222222222226
    },
    "1189020950-2001": {
        "length": 1041.25
    },
    "1189021755-2000": {
        "length": 2692.3076923076924
    },
    "1189020750-3000": {
        "length": 2232.0
    },
    "1189020849-103": {
        "length": -134.0
    },
    "1189020849-2000": {
        "length": 2500.0
    },
    "1189020759-2000": {
        "length": 4454.545454545454
    },
    "1189020760-3000": {
        "length": 2600.0
    },
    "1189020762-3000": {
        "length": 2833.0
    },
    "1189020752-1000": {
        "length": 2952.0
    },
    "1189020758-1000": {
        "length": 3228.75
    },
    "1189021779-3000": {
        "length": 1416.117216117216
    },
    "1189021750-2000": {
        "length": 2948.4615384615386
    },
    "1189020951-1000": {
        "length": 2748.5
    },
    "1189020850-100": {
        "length": -134.0
    },
    "1189020958-3000": {
        "length": 833.0
    },
    "1189020951-2000": {
        "length": 4900.0
    },
    "1189021756-2000": {
        "length": 2478.4615384615386
    },
    "1189020963-3000": {
        "length": 0.0
    },
    "1189020951-4001": {
        "length": 6993.4975369458125
    },
    "1189020777-3000": {
        "length": 522.2222222222222
    },
    "1189020778-3000": {
        "length": 722.2222222222222
    },
    "1189020950-3000": {
        "length": 0.0
    },
    "1189020955-1000": {
        "length": 2221.666666666667
    },
    "1189021758-2000": {
        "length": 1923.076923076923
    },
    "1189020952-2001": {
        "length": 800.0
    },
    "1189021756-3000": {
        "length": 3500.0
    },
    "1189020956-3000": {
        "length": 833.0
    },
    "1189020757-2000": {
        "length": 2231.1428571428573
    },
    "1189021757-2000": {
        "length": 3799.0
    },
    "1189021798-2000": {
        "length": 1166.0
    },
    "1189020853-1000": {
        "length": 4833.0
    },
    "1189020967-3000": {
        "length": 0.0
    },
    "1189021761-3000": {
        "length": 2600.0
    },
    "1189021756-1000": {
        "length": 3846.153846153846
    },
    "1189020852-1001": {
        "length": -134.0
    },
    "1189020950-1009": {
        "length": -100.0
    },
    "1189021757-1000": {
        "length": 2718.947368421053
    },
    "1189020752-2000": {
        "length": 4454.545454545454
    },
    "1189021777-3000": {
        "length": 447.6190476190476
    },
    "1189020853-1003": {
        "length": -134.0
    },
    "1189020760-1000": {
        "length": 2990.5820105820108
    },
    "1189021760-3000": {
        "length": 2600.0
    },
    "1189020851-3000": {
        "length": 3433.0
    },
    "1189020954-2000": {
        "length": 2922.3076923076924
    },
    "1189020959-3000": {
        "length": 0.0
    },
    "1189020754-2000": {
        "length": 3181.8181818181815
    },
    "1189020954-3000": {
        "length": 300.0
    },
    "1189020749-1000": {
        "length": 2952.0
    },
    "1189021753-3000": {
        "length": 2307.6923076923076
    },
    "1189020755-3000": {
        "length": 5498.0
    },
    "1189020757-3000": {
        "length": 3500.0
    },
    "1189021751-2000": {
        "length": 1833.0
    },
    "1189020849-1000": {
        "length": 5666.0
    },
    "1189020756-2000": {
        "length": 2685.0
    },
    "1189021749-1000": {
        "length": 2718.947368421053
    },
    "1189020971-3000": {
        "length": 217.5
    },
    "1189020761-3000": {
        "length": 2600.0
    },
    "1189020849-1001": {
        "length": -134.0
    },
    "1189020970-3000": {
        "length": 1633.0
    },
    "1189021757-3000": {
        "length": 3500.0
    },
    "1189021759-2000": {
        "length": 3920.0
    },
    "1189020769-3000": {
        "length": 1195.8823529411766
    },
    "1189020751-3000": {
        "length": 2666.0
    },
    "1189021752-3000": {
        "length": 3166.0
    },
    "1189020849-1003": {
        "length": -134.0
    },
    "1189020850-101": {
        "length": -134.0
    },
    "1189020850-3000": {
        "length": 5865.0
    },
    "1189020953-1011": {
        "length": -134.0
    },
    "1189020969-3000": {
        "length": 2333.0
    },
    "1189020950-1000": {
        "length": 2748.5
    },
    "1189020950-2000": {
        "length": 4900.0
    },
    "1189021760-1000": {
        "length": 2672.4349881796693
    },
    "1189020757-1000": {
        "length": 3228.75
    },
    "1189020955-2007": {
        "length": -134.0
    },
    "1189020749-3000": {
        "length": 2232.0
    },
    "1189020758-2000": {
        "length": 1923.076923076923
    },
    "1189020964-3000": {
        "length": 1333.7407407407406
    },
    "1189020750-2000": {
        "length": 2948.4615384615386
    },
    "1189020952-3000": {
        "length": 0.0
    },
    "1189021758-3000": {
        "length": 5166.0
    },
    "1189020754-3000": {
        "length": 1794.6153846153845
    },