{
    "1202127955-3000": {
        "length": 5498.0
    },
    "1202128949-3000": {
        "length": 2232.0
    },
    "1202127977-3000": {
        "length": 470.0
    },
    "1202128164-3000": {
        "length": 1333.7407407407406
    },
    "1202128173-1000": {
        "length": 14476.43776106934
    },
    "1202128967-3000": {
        "length": 2021.296296296296
    },
    "1202128955-3000": {
        "length": 5498.0
    },
    "1202128149-1009": {
        "length": -100.0
    },
    "1202128968-3000": {
        "length": 956.7058823529412
    },
    "1202128169-1000": {
        "length": 14476.43776106934
    },
    "1202129171-1000": {
        "length": 13160.39796460849
    },
    "1202128150-1000": {
        "length": 2748.5
    },
    "1202128160-3000": {
        "length": 983.0
    },
    "1202128049-3000": {
        "length": 300.0
    },
    "1202127957-3000": {
        "length": 3500.0
    },
    "1202128153-1000": {
        "length": 2954.5454545454545
    },
    "1202127956-2000": {
        "length": 2478.4615384615386
    },
    "1202127949-1000": {
        "length": 2718.947368421053
    },
    "1202128152-2000": {
        "length": 3480.7407407407404
    },
    "1202128054-1000": {
        "length": 5166.0
    },
    "1202129172-1000": {
        "length": 13160.39796460849
    },
    "1202129164-1000": {
        "length": 13160.39796460849
    },
    "1202127949-2000": {
        "length": 2614.21568627451
    },
    "1202128952-3000": {
        "length": 3166.0
    },
    "1202127962-3000": {
        "length": 2833.0
    },
    "1202128156-2000": {
        "length": 2532.6666666666665
    },
    "1202127965-3000": {
        "length": 1628.3333333333335
    },
    "1202127954-3000": {
        "length": 1794.6153846153845
    },
    "1202129162-1000": {
        "length": 13160.39796460849
    },
    "1202128976-3000": {
        "length": 1445.4545454545453
    },
    "1202128155-1000": {
        "length": 1904.2857142857144
    },
    "1202128155-2000": {
        "length": 2922.3076923076924
    },
    "1202128170-3000": {
        "length": 1633.0
    },
    "1202128174-1000": {
        "length": 14476.43776106934
    },
    "1202128951-3000": {
        "length": 2666.0
    },
    "1202128153-1011": {
        "length": -134.0
    },
    "1202128971-3000": {
        "length": 1500.235294117647
    },
    "1202127961-1000": {
        "length": 2600.0
    },
    "1202127954-1000": {
        "length": 3233.529411764706
    },
    "1202127954-2000": {
        "length": 3181.8181818181815
    },
    "1202128160-1000": {
        "length": 14476.43776106934
    },
    "1202128153-2001": {
        "length": -134.0
    },
    "1202128961-3000": {
        "length": 2600.0
    },
    "1202129169-1000": {
        "length": 13160.39796460849
    },
    "1202129173-1000": {
        "length": 13160.39796460849
    },
    "1202129165-1000": {
        "length": 13160.39796460849
    },
    "1202128961-1000": {
        "length": 2407.4074074074074
    },
    "1202128049-1003": {
        "length": -134.0
    },
    "1202128951-2000": {
        "length": 1833.0
    },
    "1202128151-4001": {
        "length": 6993.4975369458125
    },
    "1202128150-2001": {
        "length": 1041.25
    },
    "1202128152-3000": {
        "length": 0.0
    },
    "1202128157-1000": {
        "length": 6171.717171717171
    },
    "1202128157-2000": {
        "length": 2532.6666666666665
    },
    "1202128049-100": {
        "length": -134.0
    },
    "1202128969-3000": {
        "length": 956.7058823529412
    },
    "1202128050-1000": {
        "length": 0.0
    },
    "1202128150-1009": {
        "length": -100.0
    },
    "1202128152-4001": {
        "length": 6993.4975369458125
    },
    "1202128162-1000": {
        "length": 14476.43776106934
    },
    "1202128163-1000": {
        "length": 14476.43776106934
    },
    "1202128949-2000": {
        "length": 2222.0833333333335
    },
    "1202128167-3000": {
        "length": 0.0
    },
    "1202127953-3000": {
        "length": 2307.6923076923076
    },
    "1202128166-3000": {
        "length": 1333.7407407407406
    },
    "1202127960-1000": {
        "length": 2730.531400966184
    },
    "1202128962-3000": {
        "length": 2833.0
    },
    "1202127976-3000": {
        "length": 1510.0
    },
    "1202128171-1000": {
        "length": 14476.43776106934
    },
    "1202128172-3000": {
        "length": 2023.0
    },
    "1202127966-3000": {
        "length": 2357.291666666667
    },
    "1202128049-1000": {
        "length": 5666.0
    },
    "1202128152-2001": {
        "length": 800.0
    },
    "1202128152-1000": {
        "length": 2954.5454545454545
    },
    "1202128958-1000": {
        "length": 2583.0
    },
    "1202127950-3000": {
        "length": 2232.0
    },
    "1202127955-1000": {
        "length": 3233.529411764706
    },
    "1202128950-2000": {
        "length": 2737.857142857143
    },
    "1202128151-2000": {
        "length": 4900.0
    },
    "1202129160-1000": {
        "length": 13160.39796460849
    },
    "1202128149-1000": {
        "length": 2748.5
    },
    "1202128171-3000": {
        "length": 217.5
    },
    "1202127956-3000": {
        "length": 3500.0
    },
    "1202128051-3000": {
        "length": 3433.0
    },
    "1202128149-2001": {
        "length": 2082.5
    },
    "1202128049-2000": {
        "length": 2500.0
    },
    "1202128149-3000": {
        "length": 3566.0
    },
    "1202128959-2000": {
        "length": 3629.6296296296296
    },
    "1202128975-3000": {
        "length": 1440.0
    },
    "1202128954-2000": {
        "length": 2692.3076923076924
    },
    "1202129159-1000": {
        "length": 13160.39796460849
    },
    "1202128163-3000": {
        "length": 0.0
    },
    "1202128958-2000": {
        "length": 1923.076923076923
    },
    "1202128154-2007": {
        "length": -191.42857142857144
    },
    "1202128970-3000": {
        "length": 1500.235294117647
    },
    "1202127952-3000": {
        "length": 3166.0
    },
    "1202128154-3000": {
        "length": 300.0
    },
    "1202127951-3000": {
        "length": 2666.0
    },
    "1202127961-3000": {
        "length": 2600.0
    },
    "1202128952-1000": {
        "length": 2402.790697674419
    },
    "1202128049-101": {
        "length": -134.0
    },
    "1202128154-2000": {
        "length": 2922.3076923076924
    },
    "1202128168-3000": {
        "length": 2333.0
    },
    "1202127959-1000": {
        "length": 2730.531400966184
    },
    "1202127953-1000": {
        "length": 3233.529411764706
    },
    "1202128049-102": {
        "length": -134.0
    },
    "1202129166-1000": {
        "length": 13160.39796460849
    },
    "1202128949-1000": {
        "length": 2520.0
    },
    "1202127957-2000": {
        "length": 2231.1428571428573
    },
    "1202128049-1001": {
        "length": -134.0
    },
    "1202127957-1000": {
        "length": 3038.823529411765
    },
    "1202128154-2001": {
        "length": -134.0
    },
    "1202128978-3000": {
        "length": 590.9090909090909
    },
    "1202128955-2000": {
        "length": 2692.3076923076924
    },
    "1202128051-1001": {
        "length": -89.33333333333333
    },
    "1202128951-1000": {
        "length": 5083.0
    },
    "1202127951-2000": {
        "length": 1833.0
    },
    "1202128153-3000": {
        "length": 3279.3650793650795
    },
    "1202127998-2000": {
        "length": 1166.0
    },
    "1202128151-3000": {
        "length": 3566.0
    },
    "1202127958-1000": {
        "length": 3038.823529411765
    },